Run#,Reward,AUC,Reward Deviation (%),AUC Deviation (%),Pass/Fail,Config Hash Match,Config Integrity Match
1,-46.8277,-445.2401,0.0000,0.0000,PASS,Yes,Yes
2,-46.8277,-445.2401,0.0000,0.0000,PASS,Yes,Yes
3,-46.8277,-445.2401,0.0000,0.0000,PASS,Yes,Yes
4,-46.8277,-445.2401,0.0000,0.0000,PASS,Yes,Yes
5,-46.8277,-445.2401,0.0000,0.0000,PASS,Yes,Yes
6,-46.8277,-445.2401,0.0000,0.0000,PASS,Yes,Yes
7,-46.8277,-445.2401,0.0000,0.0000,PASS,Yes,Yes
8,-46.8277,-445.2401,0.0000,0.0000,PASS,Yes,Yes
9,-46.8277,-445.2401,0.0000,0.0000,PASS,Yes,Yes
10,-46.8277,-445.2401,0.0000,0.0000,PASS,Yes,Yes
11,-46.8277,-445.2401,0.0000,0.0000,PASS,Yes,Yes
12,-46.8277,-445.2401,0.0000,0.0000,PASS,Yes,Yes
13,-46.8277,-445.2401,0.0000,0.0000,PASS,Yes,Yes
14,-46.8277,-445.2401,0.0000,0.0000,PASS,Yes,Yes
15,-46.8277,-445.2401,0.0000,0.0000,PASS,Yes,Yes
16,-46.8277,-445.2401,0.0000,0.0000,PASS,Yes,Yes
17,-46.8277,-445.2401,0.0000,0.0000,PASS,Yes,Yes
18,-46.8277,-445.2401,0.0000,0.0000,PASS,Yes,Yes
19,-46.8277,-445.2401,0.0000,0.0000,PASS,Yes,Yes
20,-46.8277,-445.2401,0.0000,0.0000,PASS,Yes,Yes
